Id,NonCompetes,SuccessionPlan,ManagementRetentionProgram,ContinuityPlan,CompensationBonusPlan,StockOwnershipPlan,TechnologyDisasterRecoveryPlan,RecentLegalIssues,CurrentLegalIssues
1,0,True,False,True,True,False,False,False,False
2,0,False,False,False,True,False,True,False,False
3,0,False,False,False,False,False,False,False,False
4,0,False,True,False,True,False,False,False,False
5,0,False,True,False,True,False,False,False,False
6,7,True,False,True,False,False,False,False,False
7,0,True,False,True,True,False,False,False,False
8,0,True,True,True,False,True,False,False,False
9,0,True,True,True,True,True,False,False,False
10,0,False,False,False,False,False,False,False,False
11,0,True,False,True,True,False,False,False,False
12,0,False,True,False,False,True,False,False,False
13,0,False,False,False,False,True,False,False,False
14,0,False,True,False,False,True,False,False,False
15,0,False,False,True,True,True,False,False,False
16,0,False,False,True,True,False,False,False,False
17,0,True,False,True,True,True,False,False,False
18,0,False,False,True,True,False,False,False,False
19,0,False,False,True,True,False,False,False,False
20,0,True,True,True,False,True,False,False,False
21,0,True,True,True,False,True,False,False,False
22,0,False,False,False,False,False,False,False,False
23,0,False,False,False,False,False,False,False,False
24,0,False,False,False,False,False,False,False,False
25,0,True,True,True,True,False,False,False,False
26,0,True,True,True,True,False,False,False,False
27,3,True,True,True,True,False,True,False,False
28,0,True,True,True,True,True,False,False,False
29,3,True,True,True,True,True,True,False,False
30,7,True,True,True,True,True,True,False,False
31,0,False,False,True,True,False,False,False,False
32,0,False,False,True,False,False,False,False,False
33,0,True,False,True,True,True,False,False,False
34,0,False,False,True,True,False,False,False,False
35,0,False,False,False,False,False,False,False,False
36,0,False,False,False,False,False,False,False,False
37,0,True,True,True,True,True,False,False,False
38,0,True,False,True,True,False,False,False,False
39,0,False,False,False,False,False,False,False,False
40,0,False,False,True,True,False,False,False,False
41,0,False,False,True,True,False,False,False,False
42,0,False,False,False,False,False,False,False,False
43,0,False,True,True,True,False,False,False,False
44,0,False,False,False,False,False,False,False,False
45,0,False,False,False,False,False,False,False,False
46,0,False,False,False,False,False,False,False,False
47,0,False,False,True,True,False,False,False,False
48,0,True,False,False,False,False,False,False,False
49,0,False,False,False,False,False,False,False,False
50,0,True,True,True,True,False,False,False,False
51,0,True,True,True,True,False,False,False,False
52,0,True,True,True,True,False,False,False,False
53,0,False,False,True,False,True,False,False,False
54,0,False,True,True,True,False,False,False,False
55,0,False,False,True,False,False,False,False,False
56,0,False,False,False,False,False,False,False,False
57,0,False,False,False,False,False,False,False,False
58,0,False,False,True,True,False,False,False,False
59,0,False,False,False,False,False,False,False,False
60,0,False,True,True,True,False,False,False,False
61,0,False,True,True,True,False,False,False,False
62,0,False,False,True,True,False,False,False,False
63,0,False,False,False,False,False,False,False,False
64,0,True,True,True,True,True,False,False,False
65,0,False,False,True,False,False,False,False,False
66,0,True,True,False,True,True,False,True,True
67,0,True,False,True,False,False,False,False,False
68,0,False,False,False,False,False,False,False,False
69,0,False,False,False,False,False,False,False,False
70,0,False,False,True,True,False,False,False,False
71,0,True,False,True,False,False,False,False,False
72,0,True,False,True,False,False,False,False,False
73,0,False,False,True,False,False,True,False,False
74,0,False,False,True,True,False,False,False,False
75,0,False,False,True,True,False,False,False,False
76,0,False,False,False,False,False,False,False,False
77,0,True,True,True,True,False,False,False,False
78,0,False,False,True,True,False,False,False,False
79,0,False,False,False,False,False,False,False,True
80,0,False,False,True,False,False,False,False,False
81,0,False,True,False,True,False,False,False,False
82,0,False,False,True,True,False,False,False,False
83,0,True,True,True,True,True,False,False,False
84,0,True,True,True,True,True,False,False,False
85,0,True,True,True,True,True,False,False,False
86,0,True,False,True,True,False,False,False,False
87,0,True,False,True,True,False,False,True,False
88,0,True,False,True,True,False,False,False,False
89,0,True,False,True,True,False,False,False,False
90,0,True,False,True,False,False,False,False,False
91,0,True,False,True,False,False,False,False,False
92,0,False,True,True,True,False,False,False,False
93,0,False,False,False,True,False,False,False,False
94,0,False,False,True,True,True,False,False,False
95,0,True,False,True,False,False,False,False,False
96,0,True,False,True,True,False,False,False,False
97,0,True,False,True,True,False,False,False,False
98,0,True,False,True,True,False,False,False,False
99,0,True,True,True,True,False,False,False,False
100,0,False,False,True,False,False,False,False,False
101,7,True,True,True,True,False,True,False,False
102,0,True,True,True,True,False,False,False,False
103,0,False,False,True,True,False,False,False,False
104,0,False,False,True,True,False,False,False,False
105,0,False,True,True,True,False,False,False,False
106,0,True,False,True,True,False,False,False,False
107,0,False,False,False,False,False,False,False,False
108,0,True,True,True,True,True,False,False,False
109,0,False,False,False,False,False,False,True,False
110,0,False,False,True,True,False,False,False,False
111,0,False,False,True,False,False,False,False,False
112,0,True,False,True,False,False,False,False,False
113,0,False,False,True,False,False,False,False,False
114,0,False,False,False,False,False,False,False,False
115,0,False,False,True,True,False,False,False,False
116,0,False,False,True,True,False,False,False,False
117,0,False,False,False,True,False,False,True,True
118,0,False,False,False,False,False,False,False,False
119,0,False,False,False,False,False,False,False,False
120,0,True,False,True,True,False,False,False,False
121,0,False,False,False,False,False,False,False,False
122,0,False,True,False,True,False,False,False,False
123,0,True,False,True,True,False,False,False,False
124,0,True,True,True,True,True,False,False,False
125,0,False,True,True,True,False,False,False,False
126,0,True,True,True,True,False,True,False,False
127,0,False,False,False,True,False,False,False,False
128,0,True,False,True,True,False,False,False,False
129,0,False,False,False,True,False,False,False,False
130,0,True,True,True,True,True,False,False,False
131,0,False,False,False,True,False,False,False,False
132,0,False,False,False,True,False,False,False,False
133,0,False,False,False,True,False,False,False,False
134,0,False,False,False,True,False,False,False,False
135,0,False,False,False,False,False,False,False,False
136,0,True,True,True,False,False,False,False,False
137,0,True,True,True,True,False,False,False,False
138,0,True,True,True,True,False,True,False,False
139,0,True,False,True,True,False,False,False,False
140,0,False,True,True,True,True,False,False,False
141,0,False,True,True,True,True,False,False,False
142,0,True,False,True,True,True,True,False,False
143,0,False,False,False,True,True,False,False,False
144,0,False,False,True,True,False,False,False,False
145,0,False,False,True,False,False,False,False,False
146,0,False,False,False,False,False,False,False,False
147,0,True,True,True,True,True,False,False,False
148,0,True,True,True,True,True,False,False,False
149,0,True,False,False,False,False,False,False,False
150,0,False,True,True,True,False,False,False,False
151,1,True,True,True,True,True,True,False,False
152,0,True,False,True,True,False,False,False,False
153,0,False,False,True,True,False,False,False,False
154,0,False,False,True,True,False,False,False,False
155,0,True,True,True,True,False,False,False,False
156,0,True,True,True,True,False,False,False,False
157,0,True,True,True,True,True,False,False,False
158,0,False,False,True,True,True,False,False,False
159,0,False,True,True,False,False,False,False,False
160,0,False,False,True,False,False,False,False,False
161,0,False,False,False,False,False,True,False,False
162,0,False,False,True,False,False,False,False,False
163,0,False,False,True,False,False,False,False,False
164,0,False,False,True,False,False,False,False,False
165,0,False,False,True,True,False,False,False,False
166,0,False,False,True,True,False,False,False,False
167,0,True,True,True,False,False,False,False,False
168,0,True,True,True,True,False,False,False,False
169,0,False,False,False,False,False,False,False,False
170,0,True,False,True,False,False,False,False,False
171,0,True,False,True,False,False,False,False,False
172,0,False,False,False,False,False,False,False,False
173,1,False,False,True,True,False,True,False,False
174,0,True,False,True,True,False,False,False,False
175,7,True,False,False,False,False,False,False,False
176,0,False,False,True,True,False,False,False,False
177,0,False,False,True,True,False,False,False,False
178,0,False,False,True,True,False,False,False,False
179,0,False,False,True,True,False,False,False,False
180,0,False,False,True,True,False,False,False,False
181,0,False,True,False,True,True,False,False,False
182,0,False,False,True,False,False,False,False,False
183,0,False,False,True,False,False,False,False,False
184,0,False,False,True,False,False,False,False,False
185,0,False,False,False,False,False,False,False,False
186,0,False,True,False,True,False,False,False,False
187,0,False,False,True,False,False,False,False,False
188,0,True,False,True,False,False,False,False,False
189,0,False,False,True,True,False,False,False,False
190,0,True,True,True,False,True,False,False,False
191,0,True,True,True,True,False,False,False,False
192,4,True,False,True,True,False,True,False,False
193,7,True,True,True,True,False,True,False,False
194,0,False,False,True,False,False,False,False,False
195,0,True,False,True,True,False,False,False,False
196,0,False,False,False,False,False,False,False,False
197,0,False,False,True,True,False,False,False,False
198,0,True,False,True,True,False,False,False,False
199,0,True,False,True,True,False,False,False,False
200,0,False,False,True,False,False,False,False,False
201,0,False,True,False,True,False,False,False,False
202,0,False,True,False,True,False,False,False,False
203,0,False,False,True,True,False,False,False,False
204,0,False,False,False,False,False,False,False,False
205,0,False,False,True,False,False,False,False,False
206,0,True,False,True,True,False,False,False,False
207,4,True,False,True,True,False,False,False,False
208,4,True,False,True,True,False,False,False,False
209,0,True,False,True,False,False,False,False,False
210,0,True,False,True,False,False,False,False,False
211,7,True,True,True,True,False,True,False,False
212,7,True,True,True,True,False,True,False,False
213,0,True,True,True,False,False,False,False,False
214,0,True,True,True,False,False,True,False,False
215,0,True,True,True,False,False,True,False,False
216,0,False,False,False,False,False,False,False,False
217,0,False,False,False,True,False,False,False,False
218,0,False,False,False,True,False,False,False,False
219,0,False,False,False,True,False,False,False,False
220,0,False,False,False,True,False,False,False,False
221,0,False,False,False,True,False,False,False,False
222,0,True,True,True,True,True,False,False,False
223,0,True,False,True,False,False,False,False,False
224,0,False,False,False,True,False,False,False,False
225,0,False,False,True,False,False,False,False,False
226,0,True,True,True,True,True,False,False,False
227,0,True,True,True,True,False,False,False,False
228,0,False,False,False,False,False,False,False,False
229,0,False,False,True,False,False,False,False,False
230,0,True,True,False,True,False,False,False,False
231,0,False,False,False,False,False,False,False,False
232,0,True,False,True,True,False,False,False,False
233,0,True,False,True,True,False,False,False,False
234,0,False,False,True,False,False,False,False,False
235,0,False,False,True,True,False,False,False,False
236,0,True,False,False,True,False,False,False,False
237,1,False,False,True,True,False,True,False,False
238,0,False,False,False,True,True,False,False,False
239,0,True,True,True,False,False,False,False,False
240,0,False,False,False,False,False,False,False,False
241,0,False,False,True,True,True,False,False,False
242,0,False,False,False,False,False,False,False,False
243,0,True,True,True,True,False,False,False,False
244,0,True,True,True,True,True,False,False,False
245,0,True,True,True,True,True,False,False,False
246,7,True,True,True,True,True,True,False,False
247,0,True,True,True,True,True,False,False,False
248,7,True,True,True,True,True,True,False,False
249,0,False,False,False,False,False,False,False,False
250,0,False,False,False,False,False,False,False,False
251,0,False,False,True,False,False,False,False,False
252,0,False,False,False,False,False,False,False,False
253,0,False,False,True,False,False,False,False,False
254,0,False,True,False,True,True,False,False,False
255,0,False,True,False,True,True,False,False,False
256,0,False,False,True,True,False,False,False,False
257,0,True,True,True,True,True,False,False,False
258,0,False,False,False,True,False,False,False,False
259,0,True,False,True,True,False,False,False,False
260,0,False,False,False,False,False,False,False,False
261,0,True,False,True,True,False,False,False,False
262,0,False,False,True,False,False,False,False,False
263,0,True,False,True,False,False,False,False,False
264,0,False,False,False,False,False,False,False,False
265,0,True,True,True,True,False,False,False,False
266,0,True,True,True,True,False,False,False,False
267,0,True,True,True,True,False,False,False,False
268,0,False,False,True,True,False,False,False,False
269,0,False,False,True,True,False,False,False,False
270,0,True,False,True,False,False,False,False,False
271,0,True,False,True,True,False,False,False,False
272,0,True,True,True,True,False,False,False,False
273,7,True,True,True,True,False,True,False,False
274,7,True,True,True,True,False,True,False,False
275,0,False,False,False,False,False,False,False,False
276,0,True,False,True,True,False,False,False,False
277,0,True,False,True,True,False,False,False,False
278,0,True,False,True,True,False,False,False,False
279,0,True,True,True,False,True,False,False,False
280,0,True,False,True,False,False,False,False,False
281,0,True,False,True,True,False,False,False,False
282,0,True,False,True,True,False,False,False,False
283,0,False,False,False,False,False,False,False,False
284,0,True,False,True,False,False,False,False,False
285,0,True,False,True,False,False,False,False,False
286,0,True,False,True,False,False,False,False,False
287,0,False,False,True,True,False,False,False,False
288,0,True,False,True,True,False,False,False,False
289,0,True,False,True,False,False,False,False,False
290,0,True,False,True,False,False,False,False,False
291,0,True,False,True,True,False,False,False,False
292,0,True,False,True,True,False,False,False,False
293,0,True,False,True,False,False,False,False,False
294,0,False,False,True,False,False,False,False,False
295,0,False,False,True,False,False,False,False,False
296,0,False,False,True,False,False,False,False,False
297,0,True,False,True,False,False,False,False,False
298,0,False,False,False,False,False,False,False,False
299,0,True,True,True,True,False,False,False,False
300,0,False,True,True,True,True,False,False,False
301,0,False,True,True,True,True,True,False,False
302,0,True,False,True,False,False,False,False,False
303,0,True,False,True,False,False,False,False,False
304,0,True,False,True,False,False,False,False,False
305,0,False,False,True,True,False,False,False,False
306,0,True,True,True,True,False,False,False,False
307,7,True,True,True,True,True,True,False,False
308,7,True,True,True,True,True,True,False,False
309,0,False,False,True,False,False,False,False,False
310,0,True,False,True,False,False,False,False,False
311,0,False,False,False,False,False,False,False,False
312,0,True,False,True,False,False,False,False,False
313,0,True,False,True,True,False,False,False,False
314,0,True,False,True,True,True,False,False,False
315,0,True,False,True,True,True,False,False,False
316,0,True,False,True,False,False,False,False,False
317,0,True,False,True,True,False,False,False,False
318,0,False,False,True,False,False,False,False,False
319,0,False,False,True,True,False,False,False,False
320,0,True,True,True,True,True,False,False,False
321,7,True,True,True,True,True,True,False,False
322,3,True,False,True,True,True,True,False,False
323,7,True,True,True,True,True,True,False,False
324,0,False,False,False,False,False,False,False,False
325,0,False,False,False,False,False,False,False,False
326,0,False,False,False,False,False,False,False,False
327,0,False,False,True,False,False,False,False,False
328,0,False,False,False,False,False,False,False,False
329,0,False,False,False,False,False,False,False,False
330,0,True,False,True,False,False,False,False,False
331,0,False,False,False,False,False,False,False,False
332,0,False,False,False,False,False,False,False,False
333,0,True,False,True,True,False,True,False,False
334,0,True,False,True,True,False,True,False,False
335,0,False,False,True,True,False,False,False,False
336,0,False,False,False,False,False,False,False,False
337,0,True,False,True,False,False,False,False,False
338,0,False,False,True,False,False,False,False,False
339,0,False,False,False,False,False,False,False,False
340,0,False,False,True,False,False,False,True,False
341,0,False,False,True,True,False,False,True,False
342,0,True,True,True,True,True,False,False,False
343,0,True,True,True,True,True,False,False,False
344,0,True,True,True,True,True,False,False,False
345,0,False,False,False,True,True,False,True,True
346,0,False,False,False,True,True,False,True,True
347,0,False,False,False,False,False,False,False,False
348,0,False,False,False,False,False,False,False,False
349,0,True,False,False,False,False,False,False,False
350,0,False,False,True,False,False,False,False,False
351,0,False,False,True,False,False,False,False,False
352,0,False,False,True,False,False,False,False,False
353,0,False,False,True,False,False,False,False,False
354,0,False,False,False,True,False,False,False,False
355,0,False,False,False,True,False,False,False,False
356,0,True,True,True,False,False,False,False,False
357,0,False,False,True,False,False,False,False,False
358,0,False,False,True,False,False,False,False,False
359,0,True,True,True,True,False,False,False,False
360,0,True,True,True,True,False,False,False,False
361,0,False,False,True,True,False,False,False,False
362,0,False,False,True,True,False,False,False,False
363,0,False,False,False,False,False,False,False,False
364,0,True,False,True,True,False,False,False,False
365,0,True,False,True,True,False,False,False,False
366,0,True,True,True,True,True,False,False,False
367,0,False,False,False,False,False,False,False,False
368,0,True,False,True,False,False,False,False,False
369,0,False,False,False,True,True,False,False,False
370,0,False,False,False,False,False,False,False,False
371,0,False,False,False,False,False,False,False,False
372,0,False,False,False,False,False,False,False,False
373,0,False,False,False,False,False,False,False,False
374,0,False,False,True,True,True,False,False,False
375,6,False,False,True,False,False,False,False,False
376,0,False,False,False,False,False,False,False,False
377,0,True,False,True,True,True,False,False,False
378,0,False,False,False,False,False,False,False,False
379,0,False,True,True,True,False,False,False,False
380,6,True,False,True,True,False,True,False,False
381,0,False,False,True,False,False,False,False,False
382,0,False,False,False,False,False,False,False,False
383,0,False,False,True,True,False,False,True,True
384,0,False,False,True,False,False,False,False,False
385,0,False,False,False,False,False,False,False,False
386,0,False,False,False,False,False,False,False,False
387,0,False,False,False,False,False,False,False,False
388,0,True,False,True,False,False,False,False,False
389,0,True,False,True,False,False,False,False,False
390,1,True,False,True,True,False,False,False,False
391,3,False,False,True,True,False,False,False,False
392,0,True,False,True,True,False,False,False,False
393,0,False,False,False,False,False,False,False,False
394,0,False,False,False,False,False,False,False,False
395,7,False,False,False,False,False,False,False,False
396,0,False,False,True,False,False,True,False,False
397,7,True,True,True,True,True,True,False,False
398,0,False,False,True,False,False,True,False,False
399,0,False,False,False,False,False,False,False,False
400,7,False,True,True,True,True,True,False,False
401,7,False,True,True,True,True,True,False,False
402,7,False,True,True,True,True,True,False,False
403,5,True,True,True,False,False,False,False,False
404,5,True,True,True,False,False,False,False,False
405,0,True,False,True,False,False,False,True,False
406,7,True,True,True,False,False,True,False,False
407,0,False,False,True,False,False,False,True,False
408,0,False,False,False,False,False,False,False,False
409,0,False,False,False,False,False,False,False,False
410,0,False,False,False,False,False,False,False,False
411,0,True,False,True,True,False,True,False,False
412,0,True,False,True,True,False,False,False,False
413,0,True,False,True,False,False,False,False,False
414,0,True,False,True,True,False,True,False,False
415,1,True,True,True,True,False,True,False,False
416,0,False,False,True,False,False,False,False,False
417,0,True,False,True,False,False,False,False,False
418,0,False,False,True,False,False,False,False,False
419,0,False,False,False,False,False,False,False,False
420,0,False,False,False,False,False,True,False,False
421,0,True,False,True,False,False,True,False,False
422,0,True,False,True,True,False,True,False,False
423,0,True,False,True,True,False,True,False,False
424,0,False,False,False,True,False,False,False,False
425,0,False,False,False,False,False,False,False,False
426,0,True,False,True,True,False,False,False,False
427,3,False,True,False,True,False,False,False,False
428,0,True,False,True,False,False,False,False,False
429,0,False,False,False,False,False,False,False,False
430,0,True,False,True,False,True,True,False,False
431,0,False,False,False,False,False,False,False,False
432,7,True,False,False,True,False,False,False,False
433,0,False,False,False,False,False,False,False,False
434,7,True,False,True,True,False,True,False,False
435,7,True,False,True,True,False,True,False,False
436,0,False,False,False,False,False,True,False,False
437,0,False,False,False,False,False,False,False,False
438,4,True,False,True,False,False,False,False,False
439,0,True,False,True,True,False,False,False,False
440,1,True,False,True,False,False,True,True,True
441,1,False,False,False,False,False,True,False,False
442,0,False,False,False,False,False,False,False,False
443,0,False,False,True,False,False,True,False,False
444,0,False,False,False,False,False,True,False,False
445,0,False,False,False,False,False,False,False,False
446,0,False,False,False,False,False,False,False,False
447,1,False,False,False,False,False,True,False,False
448,3,False,False,True,True,False,True,False,False
449,0,False,False,False,False,False,True,False,False
450,0,False,False,False,True,False,True,False,False
451,5,False,False,False,True,False,True,False,False
452,0,True,False,False,True,False,False,False,False
453,6,True,True,True,True,False,True,False,False
454,6,True,True,True,True,False,True,False,False
455,0,False,False,False,False,False,True,False,False
456,7,True,True,True,True,True,True,False,False
457,0,False,False,False,False,False,False,False,False
458,0,False,False,False,True,False,True,False,False
459,7,False,False,True,True,False,True,False,False
460,7,False,False,True,True,False,False,False,False
461,1,False,False,False,False,False,False,False,False
462,1,False,False,False,False,False,False,False,False
463,0,False,False,True,False,False,True,True,True
464,0,False,False,False,False,False,False,False,False
465,7,True,True,True,True,False,True,False,False
466,1,True,False,False,False,False,False,False,False
467,0,True,True,True,True,True,True,False,False
468,3,False,False,False,False,False,False,True,True
469,0,True,False,True,False,False,False,False,False
470,4,True,False,True,False,False,True,False,False
471,0,False,False,True,False,False,True,False,False
472,0,False,False,False,False,False,False,False,False
473,0,False,False,False,False,False,False,False,False
474,0,True,False,True,False,False,True,False,False
475,7,True,True,True,True,False,True,False,False
476,7,True,True,True,True,False,True,False,False
477,4,True,False,True,False,False,False,False,False
478,1,True,True,True,True,False,True,False,False
479,7,True,False,True,False,False,False,False,False
480,7,True,True,True,True,True,True,False,False
481,0,True,True,True,True,False,True,False,False
482,0,False,False,True,True,True,True,False,False
483,0,True,False,True,False,False,False,False,False
484,7,True,False,True,True,True,True,False,False
485,0,True,True,True,True,False,True,False,False
486,0,False,False,True,True,False,False,False,False
487,3,True,False,True,True,False,True,False,False
488,0,False,False,True,False,False,True,False,False
489,0,True,False,True,True,False,True,False,False
490,0,True,False,True,True,False,False,False,False
491,1,True,False,True,False,False,True,False,False
492,0,True,False,True,False,False,True,False,False
493,7,False,False,False,True,True,True,False,False
494,0,False,False,False,False,False,False,False,False
495,7,False,True,False,True,False,True,False,False
496,1,False,False,False,True,False,True,False,False
497,0,False,False,False,False,False,False,True,False
498,0,False,False,True,False,False,False,False,False
499,1,False,True,False,False,False,True,False,False
500,0,False,False,False,False,False,False,False,False
501,0,True,False,True,True,False,True,False,False
502,7,True,False,True,True,True,True,False,False
503,0,True,False,True,True,False,True,False,False
504,0,False,False,False,False,False,False,False,False
505,0,False,False,False,False,False,False,False,False
506,0,False,False,False,False,False,False,False,False
507,4,False,True,True,True,False,True,False,False
508,0,True,False,True,True,False,True,True,False
509,0,True,False,True,True,False,True,True,False
510,0,False,False,True,False,False,True,False,False
511,0,True,True,True,True,True,True,False,False
512,6,False,False,True,True,False,True,False,False
513,7,False,False,False,False,False,False,False,False
514,1,True,False,True,True,True,True,False,False
515,0,True,False,True,False,False,True,False,False
516,0,False,False,False,False,False,True,False,False
517,0,False,False,False,False,False,False,False,False
518,3,False,False,True,True,False,True,False,False
519,0,True,False,True,False,False,True,False,False
520,7,True,True,True,True,False,True,False,False
521,0,False,False,False,False,False,True,False,False
522,0,False,False,True,False,False,True,False,False
523,0,False,False,False,False,False,False,False,False
524,6,False,False,True,False,False,True,False,False
525,0,True,False,True,True,False,True,True,True
526,0,False,False,False,False,False,False,False,False
527,0,False,False,True,True,False,True,False,False
528,5,False,False,True,True,False,True,False,False
529,0,False,False,False,False,False,False,False,False
530,7,True,True,True,True,False,True,False,False
531,7,True,True,True,True,False,True,False,False
532,0,False,False,True,False,False,False,False,False
533,7,True,True,True,True,True,True,False,False
534,0,True,True,True,True,False,True,False,False
535,4,False,False,False,False,False,True,False,False
536,0,False,False,False,False,False,False,False,False
537,0,False,True,True,False,False,True,False,False
538,0,True,True,True,True,True,True,False,False
539,6,False,False,True,True,False,True,True,False
540,0,False,False,False,False,False,False,False,False
541,0,False,False,True,False,False,False,False,False
542,0,False,False,False,False,False,False,False,False
543,3,False,False,True,True,False,True,False,False
544,0,False,False,False,False,False,False,True,True
545,0,False,False,False,False,False,False,False,False
546,0,False,False,False,False,False,False,False,False
547,2,True,False,True,True,False,True,False,False
548,6,True,False,True,True,False,True,False,False
549,0,True,False,True,True,False,True,False,False
550,7,False,False,True,True,False,True,False,False
551,0,False,False,False,False,False,False,False,False
552,0,False,False,True,False,False,False,False,False
553,0,False,False,False,False,False,False,False,False
554,3,True,True,True,True,True,True,False,False
555,3,True,False,True,True,False,True,False,False
556,7,True,False,True,True,False,False,False,False
557,1,False,False,False,False,False,False,False,False
558,3,True,False,True,True,False,True,False,False
559,3,True,False,True,True,False,True,False,False
560,1,True,False,True,True,False,False,False,False
561,1,True,False,True,True,False,True,False,False
562,7,True,True,True,True,True,True,False,False
563,7,True,True,True,True,True,True,False,False
564,0,False,False,False,False,False,False,False,False
565,7,False,True,True,False,False,True,False,False
566,0,False,False,False,False,False,False,False,False
567,0,True,False,True,False,False,True,False,False
568,7,True,True,True,True,False,True,False,False
569,0,False,False,False,False,False,False,False,False
570,0,False,False,False,False,False,False,False,False
571,6,False,False,False,True,False,True,False,False
572,0,True,False,False,False,False,True,False,False
573,0,False,False,False,False,False,False,False,False
574,1,True,True,True,False,True,True,False,False
575,0,False,False,False,False,False,False,False,False
576,0,False,False,False,False,False,True,False,False
577,7,True,True,True,True,True,True,False,False
578,7,True,True,True,True,True,True,False,False
579,7,False,True,True,True,True,True,False,False
580,7,True,True,True,True,False,True,True,True
581,0,True,False,False,False,False,False,False,False
582,0,False,False,False,False,False,False,False,False
583,0,False,False,False,False,False,False,False,False
584,0,False,False,False,False,False,False,False,False
585,0,True,False,True,False,False,False,False,False
586,0,False,False,False,False,False,False,False,False
587,0,False,False,False,False,False,False,False,False
588,0,True,False,True,False,False,False,False,False
589,0,True,False,True,False,False,False,False,False
590,0,True,False,True,False,False,False,False,False
591,0,True,False,True,False,False,False,False,False
592,0,True,False,True,False,False,False,False,False
593,0,False,False,False,False,False,False,False,False
594,0,False,False,False,False,False,False,False,False
595,0,False,False,False,False,False,False,False,False
596,1,True,False,True,True,False,True,False,False
597,1,True,False,True,True,False,True,False,False
598,5,True,True,True,True,False,False,False,False
599,7,True,False,True,False,False,True,False,False
600,7,True,False,True,False,False,True,False,False
601,0,False,False,False,False,False,False,False,False
602,0,False,False,False,False,False,True,False,False
603,0,False,False,True,False,False,False,False,False
604,0,False,False,False,False,False,False,False,False
605,1,True,False,True,False,False,True,False,False
606,4,True,False,True,True,True,False,False,False
607,0,False,False,False,False,False,True,False,False
608,0,False,False,True,False,False,False,False,False
609,7,True,True,True,True,True,True,False,False
610,7,True,True,True,True,True,True,False,False
611,7,True,True,True,True,True,True,False,False
612,7,False,False,True,True,False,True,False,False
613,0,True,False,True,False,False,False,False,False
614,0,False,False,False,False,False,False,False,False
615,0,False,False,True,False,False,True,False,False
616,0,False,False,True,False,False,True,False,False
617,0,False,False,False,False,False,False,False,False
618,0,False,False,False,False,False,False,False,False
619,0,False,False,False,False,False,False,False,False
620,1,False,True,False,True,True,True,False,False
621,0,True,False,True,False,False,False,False,False
622,0,True,False,True,False,False,False,False,False
623,0,False,False,True,False,False,True,False,False
624,0,False,False,False,False,False,False,False,False
625,0,False,False,True,False,False,True,False,False
626,7,True,False,True,True,False,True,False,False
627,0,False,False,False,False,False,False,False,False
628,0,False,False,False,False,False,True,False,False
629,0,False,False,True,False,False,True,False,False
630,0,False,False,True,False,False,True,False,False
631,0,False,False,False,False,False,True,False,False
632,7,True,True,True,True,True,True,False,False
633,0,False,False,False,False,False,True,False,False
634,0,False,False,False,False,False,True,False,False
635,0,True,False,True,False,False,False,False,False
636,7,True,False,True,False,False,True,False,False
637,0,False,False,False,True,False,True,False,False
638,0,True,False,True,False,False,True,False,False
639,3,True,False,True,True,False,True,False,False
640,0,False,False,False,True,False,True,False,False
641,0,False,False,True,False,False,True,False,False
642,1,False,False,True,True,False,True,False,False
643,0,False,False,False,False,False,False,False,False
644,1,True,False,True,True,False,True,False,False
645,0,False,False,False,False,False,False,False,False
646,7,True,True,True,False,False,True,False,False
647,0,False,False,True,True,False,True,False,False
648,7,True,False,True,False,False,True,False,False
649,4,False,False,True,False,False,False,False,False
650,4,False,False,True,False,False,False,False,False
651,7,True,False,True,True,False,False,False,False
652,7,True,False,True,True,False,False,False,False
653,0,False,False,True,True,False,True,False,False
654,0,False,False,True,False,False,True,False,False
655,0,False,False,False,False,False,False,False,False
656,0,False,False,False,False,False,False,False,False
657,0,False,False,False,False,False,False,False,False
658,0,False,False,False,False,False,False,False,False
659,0,False,False,False,False,False,False,False,False
660,0,False,False,True,False,False,False,False,False
661,0,False,False,False,False,False,False,False,False
662,0,False,False,False,False,False,False,False,False
663,5,True,False,False,False,False,False,False,False
664,0,False,False,False,True,False,True,False,False
665,0,False,False,False,False,False,True,False,False
666,0,True,False,True,True,False,True,False,False
667,0,True,False,True,False,False,True,False,False
668,0,False,False,False,False,False,False,False,False
669,0,False,False,False,True,False,True,False,False
670,1,False,False,True,False,False,True,False,False
671,0,False,False,False,True,True,False,False,False
672,0,True,False,True,True,False,False,False,False
673,0,True,False,True,False,False,True,False,False
674,0,False,False,False,False,False,False,False,False
675,0,False,False,False,False,False,True,False,False
676,4,True,False,True,False,False,False,False,False
677,0,False,False,False,False,False,True,False,False
678,0,False,False,True,False,False,True,False,False
679,0,False,False,True,False,False,True,False,False
680,0,True,False,True,False,False,True,False,False
681,7,False,False,True,True,False,True,False,False
682,1,True,False,True,True,False,False,False,False
683,3,True,True,True,True,False,True,False,False
684,1,True,False,True,True,True,True,False,False
685,1,False,False,True,True,False,True,False,False
686,0,True,True,True,False,False,True,False,False
687,0,True,False,True,False,False,True,False,False
688,0,True,True,True,False,False,True,False,False
689,7,True,True,True,True,True,True,False,False
690,0,False,False,False,False,False,False,False,False
691,0,False,False,False,False,False,False,False,False
692,0,False,False,False,False,False,True,False,False
693,0,False,True,False,True,True,False,False,False
694,0,False,False,False,False,False,False,False,False
695,7,True,False,True,True,False,True,False,False
696,0,False,False,False,False,False,True,False,False
697,7,True,False,True,True,False,True,False,False
698,7,False,False,True,False,False,False,False,False
699,0,False,False,False,False,False,False,False,False
700,5,True,False,True,False,True,True,False,False
701,0,True,False,False,False,False,False,False,False
702,0,False,False,False,False,False,True,False,False
703,0,True,False,True,False,False,False,False,False
704,0,True,False,True,False,False,False,False,False
705,7,True,False,True,True,True,False,False,False
706,0,False,False,True,False,False,True,False,False
707,0,False,False,True,True,False,True,False,False
708,0,False,False,True,False,False,True,False,False
709,0,False,False,False,False,False,False,False,False
710,2,False,False,False,False,False,False,False,False
711,0,False,False,False,True,False,True,False,False
712,0,False,False,False,False,False,False,False,False
713,0,True,False,True,False,False,True,False,False
714,0,True,False,True,True,False,True,False,False
715,7,True,False,True,True,False,True,False,False
716,0,False,False,False,False,False,False,False,False
717,0,False,False,False,False,False,False,False,False
718,0,False,False,True,False,False,False,False,False
719,0,False,False,False,False,False,False,False,False
720,3,True,True,True,True,False,True,False,False
721,3,True,True,True,True,False,True,False,False
722,7,True,False,True,False,False,True,False,False
723,6,True,False,True,True,False,True,False,False
724,0,False,False,False,False,False,False,False,False
725,0,False,False,False,True,False,True,False,False
726,0,False,False,False,False,False,False,False,False
727,0,False,False,False,False,False,False,False,False
728,0,False,False,False,False,False,False,False,False
729,7,True,False,True,False,False,True,False,False
730,0,True,False,True,False,False,True,False,False
731,0,False,False,False,False,False,False,False,False
732,0,False,False,False,False,False,False,False,False
733,0,False,False,False,False,False,False,False,False
734,6,False,False,False,False,False,False,False,False
735,6,False,False,False,False,False,False,False,False
736,0,True,True,True,True,False,True,False,False
737,0,True,True,True,True,False,True,False,False
738,0,False,False,False,False,False,False,False,False
739,0,False,False,False,False,False,False,False,False
740,7,True,False,True,True,False,False,False,False
741,0,False,False,False,False,False,False,False,False
742,0,True,False,True,False,False,False,False,False
743,0,False,False,False,False,False,False,False,False
744,0,True,False,True,True,False,True,False,False
745,0,True,False,True,True,False,True,False,False
746,0,False,False,False,False,False,False,True,False
747,4,True,True,False,True,False,False,True,False
748,0,False,False,False,False,False,False,False,False
749,0,False,False,False,False,False,False,False,False
750,1,False,False,True,False,False,True,False,False
751,0,False,False,False,False,False,False,False,False
752,0,False,False,True,False,False,True,False,False
753,0,True,False,False,False,False,False,False,False
754,0,True,False,False,False,False,False,False,False
755,0,False,False,False,False,False,False,False,False
756,7,True,False,False,True,False,True,False,False
757,0,False,False,False,False,False,False,False,False
758,0,True,False,True,False,False,False,False,False
759,0,True,False,True,False,False,False,False,False
760,0,False,False,False,False,False,True,False,False
761,7,True,True,True,True,False,True,False,False
762,0,False,False,True,False,False,True,False,False
763,6,True,True,True,True,False,True,False,False
764,0,False,False,True,False,False,False,False,False
765,0,False,False,False,False,False,True,False,False
766,0,False,False,True,True,False,True,False,False
767,7,True,True,True,True,True,True,False,False
768,0,False,False,False,False,False,False,False,False
769,0,False,False,False,False,False,False,False,False
770,0,False,False,True,False,False,False,False,False
771,0,False,False,False,False,False,False,False,False
772,0,False,False,False,False,False,False,False,False
773,7,False,False,False,True,False,True,False,False
774,0,False,False,False,False,False,False,False,False
775,7,True,False,False,False,False,True,True,False
776,7,True,True,True,False,False,True,True,False
777,3,True,True,True,True,True,True,False,False
778,1,True,True,True,True,False,True,False,False
779,2,False,False,True,False,False,True,False,False
780,1,False,False,True,True,False,True,False,False
781,0,False,False,False,False,False,False,False,False
